{
  "tickers": [
    "AAPL",
    "BTC-USD",
    "EURUSD"
  ],
  "weights": [
    0.5,
    0.3,
    0.2
  ],
  "annualized_volatility": {
    "AAPL": 0.322675,
    "BTC-USD": 1.016206,
    "EURUSD": 0.01995
  },
  "covariance_matrix_annualized": {
    "AAPL": {
      "AAPL": 0.104119,
      "BTC-USD": 0.001729,
      "EURUSD": 0.000644
    },
    "BTC-USD": {
      "AAPL": 0.001729,
      "BTC-USD": 1.032675,
      "EURUSD": -0.000909
    },
    "EURUSD": {
      "AAPL": 0.000644,
      "BTC-USD": -0.000909,
      "EURUSD": 0.000398
    }
  },
  "historical_var_95": -0.037447,
  "historical_var_99": -0.060944,
  "monte_carlo_var_95": -0.035734
}